id,x,y,theta
0,3.58603e-13,6.60184e-13,1.13893e-12
1,7.16794e-13,6.783e-13,-0.000642
2,1.07464e-12,6.96228e-13,-0.00118
3,0.0110019,-0.000974983,-0.003562
4,0.641008,-0.0112001,-0.007444
5,0.696016,-0.0117156,-0.098726
6,0.700269,-0.0154349,-0.895998
7,0.693956,0.00421355,-1.51153
8,0.699263,0.0266943,-2.12507
9,0.716115,0.0411233,-2.76314
10,0.728981,0.0432207,2.90552
11,0.733204,0.0405377,2.23124
12,0.733186,0.0415461,1.58176
13,0.738753,0.0590712,0.922264
14,0.759658,0.0737514,0.314025
15,0.768572,0.0743584,-0.210903
16,1.06249,0.0141529,-0.229595
17,1.66365,-0.133114,-0.260823
18,2.287,-0.296479,-0.271
19,2.9143,-0.494253,-0.319576
20,3.50785,-0.685104,-0.313854
21,4.11903,-0.839475,-0.202379
22,4.73095,-0.982714,-0.185071
23,5.36865,-1.02773,-0.0775835
24,5.99813,-1.09953,-0.134565
25,6.63093,-1.16774,-0.131697
26,7.23999,-1.26849,-0.172369
27,7.85595,-1.36013,-0.156669
28,8.4375,-1.46021,-0.161244
29,8.81665,-1.51794,-0.130611
30,8.82184,-1.51474,-0.66303
31,8.92311,-1.65096,-0.931586
32,9.29082,-2.16675,-0.950249
33,9.67449,-2.67581,-0.898246
34,10.0867,-3.1663,-0.876107
35,10.5108,-3.64993,-0.840745
36,10.9413,-4.13354,-0.848303
37,11.2248,-4.44786,-0.839627
38,11.2211,-4.42603,-1.15957
39,11.2187,-4.41795,-1.32912
40,11.3672,-4.98829,-1.31079
41,11.5226,-5.58135,-1.34168
42,11.6508,-6.13874,-1.36331
43,11.7642,-6.72775,-1.40236
44,11.862,-7.3157,-1.43816
45,11.9262,-7.93232,-1.49403
46,11.9659,-8.55157,-1.51374
47,11.995,-9.17073,-1.55575
48,11.9998,-9.79486,-1.5626
49,12.0014,-10.415,-1.61376
50,11.9558,-11.0035,-1.65858
51,11.9088,-11.5979,-1.68791
52,11.8198,-12.1799,-1.7649
53,11.7267,-12.7381,-1.75277
54,11.6208,-13.2495,-1.81509
55,11.6291,-13.2149,-1.81001
56,11.6278,-13.2189,-1.79965
57,11.4909,-13.8379,-1.81123
58,11.3492,-14.4488,-1.76517
59,11.2266,-15.0555,-1.78889
60,11.1024,-15.6602,-1.76761
61,10.974,-16.2626,-1.81843
62,10.8301,-16.8153,-1.77876
63,10.6833,-17.3834,-1.81442
64,10.5536,-17.9357,-1.75123
65,10.4231,-18.5016,-1.80287
66,10.274,-19.0955,-1.81116
67,10.1138,-19.6886,-1.81006
68,10.0085,-20.136,-1.82584
69,10.0147,-20.1252,-1.9808
70,10.0227,-20.1226,-2.65525
71,10.0405,-20.1231,2.98523
72,10.0524,-20.1245,2.97577
73,10.0592,-20.1261,2.91086
74,10.0553,-20.1204,2.28904
75,10.0629,-20.111,1.93672
76,10.0568,-20.0996,2.63056
77,10.0541,-20.0972,2.86355
78,9.77236,-20.11,-3.08248
79,9.15391,-20.1539,-3.08772
80,8.5211,-20.1579,3.12098
81,7.89603,-20.1364,3.09501
82,7.3184,-20.1047,3.03947
83,6.75251,-20.0621,3.01466
84,6.21187,-19.986,2.93577
85,5.67453,-19.8832,2.94242
86,5.07615,-19.7707,2.85317
87,4.62023,-19.6349,2.80581
88,4.26287,-19.5061,2.77597
89,4.27465,-19.5037,-3.11103
90,3.6609,-19.5146,3.14099
91,3.04459,-19.5158,-3.09331
92,2.43048,-19.5194,3.07386
93,1.80529,-19.4233,2.97251
94,1.18266,-19.2908,2.92919
95,0.566049,-19.2053,3.07134
96,-0.0421775,-19.1563,3.09512
97,-0.638945,-19.0957,3.02423
98,-1.23556,-18.9961,2.96606
99,-1.94089,-18.8742,3.0127
100,-2.51228,-18.7676,2.96081
101,-3.1276,-18.7136,3.06376
102,-3.75346,-18.6351,2.95846
103,-4.35532,-18.5209,3.05481
104,-4.97102,-18.4474,3.02101
105,-5.5828,-18.3852,3.06747
106,-6.18944,-18.3175,3.01242
107,-6.80795,-18.2237,3.0083
108,-7.27195,-18.1779,3.07007
109,-7.31051,-18.164,2.62192
110,-7.32536,-18.1565,2.03103
111,-7.32791,-18.0762,1.52557
112,-7.30801,-17.4386,1.58019
113,-7.33096,-16.8134,1.62739
114,-7.36865,-16.196,1.66433
115,-7.44604,-15.5594,1.72453
116,-7.56928,-14.8131,1.76857
117,-7.70637,-14.2095,1.86405
118,-7.70531,-14.1646,1.52906
119,-7.65461,-13.6464,1.47574
120,-7.60823,-12.9957,1.56583
121,-7.62415,-12.3799,1.6333
122,-7.66206,-11.7988,1.69027
123,-7.6908,-11.6138,1.67821
124,-7.60662,-11.372,1.25538
125,-7.39568,-10.7744,1.24518
126,-7.27036,-10.1593,1.45223
127,-7.17979,-9.52033,1.45152
128,-7.11237,-8.8783,1.48892
129,-7.03419,-8.23628,1.45729
130,-6.97633,-7.60208,1.51102
131,-6.93913,-6.98632,1.60056
132,-6.93289,-6.35927,1.55188
133,-6.89492,-5.79168,1.51559
134,-6.85049,-5.19098,1.49796
135,-6.7787,-4.61496,1.47238
136,-6.71623,-3.98084,1.49254
137,-6.63174,-3.34452,1.4509
138,-6.56979,-2.72263,1.53054
139,-6.56658,-2.09351,1.5948
140,-6.60923,-1.44102,1.62439
141,-6.62731,-0.802383,1.57502
142,-6.6393,-0.153896,1.57036
143,-6.56928,0.486034,1.45883
144,-6.53573,0.858094,1.47557
145,-6.52598,0.877352,0.975425
146,-6.52188,0.880761,0.380222
147,-6.45247,0.876226,-0.108023
148,-6.00637,0.81948,-0.144511
149,-5.35083,0.73133,-0.120233
150,-4.70225,0.672121,-0.106885
151,-4.04793,0.630617,-0.0221479
152,-3.42082,0.601755,-0.0832385
153,-2.79622,0.574153,0.00989701
154,-2.17288,0.559413,-0.0599563
155,-1.54734,0.531309,-0.0267447
156,-0.919362,0.522224,0.00374687
157,-0.353154,0.509839,-0.0610467
158,-0.174227,0.498317,-0.0446539
159,-0.179615,0.500207,0.901122
160,-0.17963,0.50575,1.8932
161,-0.181894,0.498281,2.82804
162,-0.169742,0.499548,-2.46295
163,-0.170033,0.492527,-1.50783
164,-0.203464,0.536358,-0.518533
165,-0.0409195,0.514818,-0.0853625
166,0.644658,0.471339,-0.0711787
167,1.26445,0.422834,-0.0999889
168,1.85563,0.375253,-0.0876244
169,2.45171,0.30592,-0.124354
170,3.03923,0.240175,-0.144976
171,3.59853,0.14436,-0.183431
172,4.22186,0.0395888,-0.169705
173,4.84859,-0.081618,-0.192525
174,5.47115,-0.196506,-0.152363
175,6.08535,-0.287105,-0.177038
176,6.68213,-0.40783,-0.167393
177,7.30345,-0.510954,-0.194993
178,7.92273,-0.657147,-0.233931
179,8.3357,-0.741337,-0.180782
180,8.35276,-0.729668,-0.62309
181,8.80175,-1.05582,-0.674978
182,9.21287,-1.41601,-0.8491
183,9.57225,-1.85471,-0.906462
184,9.90705,-2.36212,-1.04872
185,10.1913,-2.8949,-1.1373
186,10.414,-3.46489,-1.19977
187,10.6145,-4.01318,-1.21869
188,10.824,-4.58014,-1.2204
189,11.0286,-5.15081,-1.24317
190,11.2232,-5.75142,-1.2732
191,11.4066,-6.35012,-1.29844
192,11.5705,-6.94438,-1.32786
193,11.7023,-7.48702,-1.38458
194,11.8103,-8.05564,-1.41215
195,11.8982,-8.622,-1.44141
196,11.9728,-9.24327,-1.4825
197,12.0185,-9.86302,-1.51026
198,12.052,-10.4776,-1.56871
199,12.0316,-11.0858,-1.63039
200,11.9916,-11.6903,-1.65248
201,11.9284,-12.2911,-1.70933
202,11.8699,-12.8028,-1.68955
203,11.7786,-13.5397,-1.74275
204,11.6665,-14.1086,-1.8451
205,11.5032,-14.6706,-1.8548
206,11.3555,-15.2159,-1.85311
207,11.2014,-15.7825,-1.83731
208,11.0337,-16.3818,-1.84681
209,10.8764,-16.9844,-1.80855
210,10.7187,-17.5792,-1.81742
211,10.5756,-18.1775,-1.81515
212,10.4049,-18.7658,-1.86802
213,10.2155,-19.358,-1.8888
214,10.0209,-19.9366,-1.8926
215,9.90944,-20.2606,-1.9284
216,9.925,-20.2497,-2.4275
217,9.94917,-20.2457,-2.97014
218,9.96465,-20.2394,-3.02614
219,9.39714,-20.2002,3.0885
220,8.78606,-20.1618,3.04863
221,8.14742,-20.0997,3.09907
222,7.50915,-20.0608,3.07355
223,6.88793,-20.0346,-3.11319
224,6.26263,-20.0403,-3.1388
225,5.64695,-20.0384,-3.08885
226,5.02127,-20.037,-3.13763
227,4.36325,-20.1145,-2.98161
228,3.89547,-20.1277,2.93987
229,3.38355,-20.0679,3.06152
230,3.11657,-20.0592,3.03277
231,3.31836,-20.0724,3.10262
232,3.00038,-19.9342,2.67675
233,2.43213,-19.675,2.77858
234,1.85084,-19.4521,2.73398
235,1.59736,-19.3453,2.72858
236,1.26494,-19.3491,3.13436
237,0.642155,-19.367,-3.07873
238,0.0279475,-19.4204,-3.11175
239,-0.584542,-19.4223,3.10361
240,-1.15678,-19.3089,2.88562
241,-1.69663,-19.179,2.97101
242,-2.27183,-19.1147,3.0087
243,-2.87942,-19.0306,3.00729
244,-3.50733,-18.9856,3.07852
245,-4.11148,-18.9407,3.02474
246,-4.70215,-18.8609,2.95302
247,-5.32157,-18.7795,3.05986
248,-5.87329,-18.7617,3.09206
249,-5.82873,-18.7671,-2.99749
250,-5.82418,-18.7757,2.69663
251,-6.15375,-18.4343,2.27304
252,-6.51385,-18.0141,2.28238
253,-6.89072,-17.5686,2.27224
254,-7.26201,-17.1111,2.23193
255,-7.31332,-17.0497,2.31673
256,-7.3314,-16.963,1.8363
257,-7.40248,-16.4558,1.71614
258,-7.48667,-15.8949,1.78778
259,-7.6338,-15.2977,1.82801
260,-7.77105,-14.744,1.81938
261,-7.76878,-14.6996,1.50752
262,-7.71026,-14.0425,1.51409
263,-7.67147,-13.4192,1.52757
264,-7.66172,-12.8152,1.62476
265,-7.69809,-12.2105,1.64514
266,-7.65454,-11.6262,1.51633
267,-7.61018,-10.8778,1.48722
268,-7.4824,-10.2688,1.3772
269,-7.36759,-9.65024,1.40772
270,-7.30122,-9.02096,1.52241
271,-7.21294,-8.39659,1.41273
272,-7.13421,-7.7654,1.47896
273,-7.14936,-7.14365,1.69175
274,-7.2248,-6.52945,1.71632
275,-7.22091,-5.91427,1.54563
276,-7.22109,-5.31507,1.6609
277,-7.27738,-4.7449,1.63606
278,-7.24431,-4.10346,1.54815
279,-7.21424,-3.46529,1.49221
280,-7.15533,-2.83318,1.49387
281,-7.07287,-2.19357,1.39312
282,-6.96147,-1.56346,1.43286
283,-6.88394,-0.925191,1.42507
284,-6.78024,-0.298693,1.45244
285,-6.72341,0.347887,1.4726
286,-6.66625,0.967122,1.52528
287,-6.66397,1.01292,1.41983
288,-6.65975,1.02198,0.808352
289,-6.64543,1.03173,0.212079
290,-6.18542,1.02577,-0.0143233
291,-5.54366,1.02098,-0.00133338
292,-4.92497,1.00425,-0.0560449
293,-4.29852,0.961629,-0.0791655
294,-3.67611,0.911773,-0.0785373
295,-3.05021,0.833818,-0.191095
296,-2.43145,0.691117,-0.236555
297,-1.81486,0.541421,-0.24831
298,-1.20404,0.39076,-0.249068
299,-0.630177,0.236116,-0.188077
300,-0.0412245,0.152982,-0.146177
301,0.522247,0.056287,-0.205731
302,0.823875,-0.00733705,-0.227054
303,0.805533,-0.00301051,-0.223329
304,1.30563,-0.117159,-0.214275
305,1.92565,-0.160926,-0.0311458
306,2.55533,-0.171574,-0.0497387
307,3.19472,-0.219971,-0.0869762
308,3.82289,-0.283582,-0.14311
309,4.45748,-0.344986,-0.0507618
310,5.08554,-0.3762,-0.0871734
311,5.36559,-0.404793,0.0872482
312,5.3678,-0.407788,1.07482
313,5.37301,-0.191879,1.56984
314,5.35514,0.433563,1.60916
315,5.32845,1.05825,1.60439
316,5.29188,1.70194,1.65416
317,5.23444,2.34213,1.66262
318,5.14052,2.97697,1.75547
319,5.06448,3.32122,1.82523
320,5.06773,3.33014,2.78845
321,5.06695,3.33273,-2.46069
322,5.06646,3.32987,-1.4699
323,5.08639,3.31335,-0.482884
324,5.10174,3.31159,0.173106
325,5.11096,3.31103,-0.357767
326,5.13179,3.29487,-0.956465
327,5.13601,3.27713,-1.58345
328,5.09353,2.64073,-1.63154
329,5.04752,2.00777,-1.6974
330,4.96309,1.39218,-1.72685
331,4.87251,0.777143,-1.75164
332,4.752,0.169315,-1.78089
333,4.71641,0.0139414,-1.72759
334,4.73789,0.0260576,-0.714357
335,4.80437,0.0313864,0.240981
336,4.83658,0.0428685,1.14822
337,4.85652,0.0540784,2.09191
338,4.86143,0.0544973,3.0753
339,4.87201,0.0686041,-2.16467
340,4.87033,0.0648369,-1.15128
341,4.98535,-0.0037428,-0.521683
342,5.56084,-0.30869,-0.421447
343,6.13763,-0.510562,-0.289838
344,6.72572,-0.693605,-0.299245
345,6.96371,-0.762906,-0.326081
346,6.95843,-0.762901,-0.971699
347,6.96083,-0.850736,-1.52889
348,6.97861,-1.44118,-1.54498
349,6.97623,-2.06065,-1.58458
350,6.9629,-2.84893,-1.6036
351,6.94857,-3.1228,-1.63195
352,6.94453,-3.13362,-1.91877
353,6.92703,-3.14507,-2.58172
354,6.91349,-3.14291,3.10036
355,6.90247,-3.14266,2.38201
356,6.89822,-3.13677,1.80896
357,6.89675,-3.12386,1.15832
358,6.89093,-3.11828,0.54519
359,6.88034,-3.11499,-0.066525
360,6.86499,-3.11104,-0.241599
361,6.86369,-3.11597,0.681044
362,6.94865,-2.88483,1.21682
363,7.05137,-2.61632,1.2112
364,6.98128,-2.27814,1.82792
365,6.92105,-1.99478,1.33259
366,7.02806,-1.87178,0.780377
367,7.47368,-1.43674,0.783197
368,7.93552,-0.996513,0.735189
369,7.95806,-0.980525,0.483058
370,7.97754,-0.978647,-0.104889
371,7.98081,-0.978063,-0.65131
372,8.40916,-1.32792,-0.679008
373,8.88081,-1.69364,-0.677044
374,9.35841,-2.09713,-0.738254
375,9.69568,-2.39761,-0.774804
376,9.68868,-2.39375,-0.0974727
377,9.74075,-2.36036,0.580327
378,10.2908,-1.98224,0.627159
379,10.7907,-1.57105,0.704092
380,11.2573,-1.12255,0.81496
381,11.4189,-0.943635,0.955889
382,11.4188,-0.933951,1.97727
383,11.4171,-0.931494,2.98476
384,11.4234,-0.923975,-2.31453
385,11.416,-0.924445,-1.2629
386,11.5108,-1.05168,-1.03007
387,11.9507,-1.47674,-0.689046
388,12.4287,-1.85138,-0.690299
389,12.8749,-2.24632,-0.784421
390,12.9148,-2.28307,-0.331571
391,12.7745,-2.2703,0.0288566
392,12.7582,-2.25533,1.02711
393,12.76,-2.20472,2.22629
394,12.7493,-2.18724,-3.10547
395,12.991,-2.10587,-2.78712
396,12.9994,-2.10165,-2.79775
397,13.0043,-2.09614,-2.81948
398,13.0142,-2.09049,-2.63741
399,12.9397,-2.15879,-2.35669
400,12.4937,-2.60544,-2.31825
401,12.0605,-3.03785,-2.41309
402,11.5272,-3.35908,-2.68341
403,10.9719,-3.6259,-2.7196
404,10.4385,-3.84708,-2.80094
405,10.449,-3.8293,-2.27174
406,10.4451,-3.79931,-1.30125
407,10.5706,-4.11031,-1.17586
408,10.7925,-4.6559,-1.21618
409,10.8809,-4.90999,-1.31845
410,10.8895,-4.88873,-1.95218
411,10.9007,-4.87427,-2.54705
412,10.4062,-5.08892,-2.75321
413,9.82687,-5.30337,-2.83532
414,9.24345,-5.50393,-2.73418
415,8.64532,-5.75394,-2.72689
416,8.36374,-5.88641,-2.78179
417,8.07229,-5.87707,3.07752
418,7.63375,-5.84378,3.03267
419,7.63755,-5.84323,-2.81893
420,7.69175,-5.81845,-2.60233
421,7.69871,-5.81231,-1.63349
422,7.69781,-5.81593,-0.392757
423,7.70131,-5.81675,-0.046604
424,7.6995,-5.8169,-0.0457605
425,7.69684,-5.82006,-0.0335481
426,7.69499,-5.82022,-0.0421906
427,7.72568,-5.82123,-0.0385949
428,8.38649,-5.82993,-0.0436568
429,9.0301,-5.86696,-0.084017
430,9.37078,-5.90103,-0.129702
431,9.34626,-5.89859,-0.0773706
432,9.35746,-5.90473,-0.708416
433,9.35905,-5.91242,-1.38501
434,9.33192,-6.44814,-1.61282
435,9.31043,-7.08768,-1.64085
436,9.24387,-7.72507,-1.64936
437,9.20262,-8.37181,-1.64114
438,9.15843,-8.84194,-1.67096
439,9.15463,-8.84933,-2.10553
440,9.1605,-8.84188,-2.74688
441,9.17994,-8.83815,2.91604
442,9.19113,-8.84404,2.28842
443,9.19146,-8.84641,1.72319
444,9.19214,-8.83204,1.13335
445,9.19608,-8.82519,0.477002
446,9.19564,-8.82635,0.679446
447,9.20789,-8.80287,1.31265
448,9.34746,-8.18034,1.33044
449,9.46973,-7.54258,1.43208
450,9.55299,-6.90519,1.44602
451,9.59779,-6.43477,1.48879
452,9.59492,-6.43532,1.11094
453,9.58967,-6.43854,0.488944
454,9.85111,-6.41404,0.067069
455,10.4491,-6.37928,0.0463576
456,11.0801,-6.36393,-0.0183898
457,11.4329,-6.38004,-0.106272
458,11.4282,-6.36923,-0.752505
459,11.4208,-6.33502,-1.36102
460,11.4068,-6.73425,-1.61822
461,11.3484,-7.35243,-1.70631
462,11.2695,-7.86376,-1.74644
463,11.277,-7.85285,-0.906555
464,11.5345,-7.92227,-0.228778
465,12.1202,-8.04658,-0.221151
466,12.6756,-8.18947,-0.276917
467,13.2488,-8.36274,-0.3205
468,13.8664,-8.57235,-0.355801
469,14.4613,-8.82954,-0.438476
470,14.9183,-9.03847,-0.419343
471,14.9258,-9.04316,-0.618786
472,14.942,-9.06516,-1.2506
473,14.9454,-9.0699,-1.89034
474,14.9455,-9.07278,-2.52083
475,14.9473,-9.07332,-3.09448
476,14.9467,-9.07447,2.53765
477,14.9508,-9.08261,1.97826
478,14.9525,-9.09075,1.35135
479,14.9533,-9.09276,0.89716
480,14.953,-9.09435,1.45932
481,14.9525,-9.07784,2.46154
482,14.9566,-9.07926,2.79773
483,14.9628,-9.08145,2.79237
484,14.5344,-8.92873,2.82792
485,13.9331,-8.74811,2.8256
486,13.3297,-8.54353,2.83512
487,12.7176,-8.37223,2.86339
488,12.1037,-8.19908,2.89951
489,11.6324,-8.09779,2.92993
490,11.6387,-8.09493,-2.86815
491,11.6416,-8.08442,-1.93204
492,11.6281,-8.31483,-1.62901
493,11.5745,-8.91997,-1.68406
494,11.4961,-9.53268,-1.74499
495,11.4362,-10.1547,-1.63779
496,11.3993,-10.7721,-1.52015
497,11.4022,-11.3963,-1.60637
498,11.3424,-12.023,-1.70844
499,11.2216,-12.6464,-1.72576
500,11.2857,-13.2133,-1.39743
501,11.3679,-13.7886,-1.4703
502,11.4004,-14.4805,-1.5556
503,11.4006,-14.9232,-1.57336
504,11.3987,-14.9188,-0.712703
505,11.6431,-14.944,-0.0902371
506,12.2358,-15.014,-0.243601
507,12.8193,-15.1743,-0.32294
508,13.3907,-15.3789,-0.336966
509,14.0102,-15.6042,-0.393349
510,14.367,-15.7583,-0.407715
511,14.3672,-15.7506,0.467795
512,14.3778,-15.7219,1.66782
513,14.3934,-15.7121,2.62371
514,14.3235,-15.694,2.84943
515,13.7095,-15.521,2.8501
516,13.1225,-15.3339,2.86557
517,12.527,-15.1931,2.89334
518,11.9331,-15.0483,2.91729
519,11.4087,-14.9307,2.90122
520,11.2461,-14.8744,-2.98405
521,11.2563,-14.8485,-1.98005
522,11.1958,-15.2388,-1.71622
523,11.1107,-15.8587,-1.72393
524,11.0133,-16.4311,-1.76609
525,10.9137,-16.9763,-1.74254
526,10.8048,-17.5416,-1.80139
527,10.6635,-18.1199,-1.83619
528,10.489,-18.685,-1.91214
529,10.2829,-19.2871,-1.94065
530,10.0413,-19.888,-1.97092
531,9.77767,-20.4635,-2.05093
532,9.68018,-20.653,-2.00049
533,9.67777,-20.6513,-1.00116
534,9.68564,-20.6533,-0.334511
535,9.68922,-20.6536,-0.33503
536,10.0474,-20.7345,-0.20451
537,10.6543,-20.8779,-0.262682
538,11.2155,-21.0426,-0.289967
539,11.8241,-21.2465,-0.354918
540,12.4113,-21.4946,-0.448006
541,13.0023,-21.7184,-0.285922
542,13.6339,-21.8557,-0.230407
543,13.7552,-21.8854,-0.260253
544,13.7795,-21.8749,0.376438
545,13.7917,-21.835,1.44247
546,13.8122,-21.8899,2.26923
547,13.8221,-21.8876,-2.99252
548,13.8236,-21.8719,-2.06983
549,13.8188,-21.8719,-1.26347
550,13.8249,-21.8502,-1.74353
551,13.8376,-21.8424,-2.37014
552,13.8486,-21.8396,-3.00285
553,13.7092,-21.7869,2.70275
554,13.1152,-21.5049,2.66712
555,12.5364,-21.2329,2.75579
556,11.9345,-21.017,2.89068
557,11.3311,-20.8491,2.84976
558,10.7558,-20.6947,2.93104
559,10.7502,-20.686,2.52452
560,10.7508,-20.6566,2.0241
561,10.7407,-20.6459,2.52981
562,10.5563,-20.6466,-3.10939
563,9.97952,-20.5726,2.98216
564,9.3719,-20.485,3.03101
565,8.76528,-20.4099,2.96751
566,8.76568,-20.4511,-2.54546
567,8.76752,-20.4547,-1.7253
568,8.7141,-20.9861,-1.66592
569,8.66965,-21.5499,-1.70578
570,8.60636,-22.1252,-1.70033
571,8.55817,-22.4776,-1.75288
572,8.53915,-22.507,-2.00312
573,8.51003,-22.5915,-1.73437
574,8.56382,-22.6462,-0.810883
575,8.64011,-22.6499,0.164296
576,8.64394,-22.6497,1.18865
577,8.63699,-22.6348,2.1576
578,8.62728,-22.5996,1.79193
579,8.48892,-21.9493,1.80613
580,8.31425,-21.3121,1.88035
581,8.10786,-20.6912,1.92188
582,7.87471,-20.0796,1.96415
583,7.73886,-19.773,2.04261
584,7.74356,-19.76,2.88378
585,7.15857,-19.6266,3.00121
586,6.56369,-19.5583,3.09796
587,5.94316,-19.5544,3.12269
588,5.31198,-19.5348,3.12651
589,4.78172,-19.5621,-3.08541
590,4.23905,-19.6032,-3.02067
591,3.71347,-19.682,-3.02607
592,3.17753,-19.7539,-3.03221
593,2.9892,-19.7619,-2.83168
594,2.9961,-19.7885,-1.87094
595,2.90726,-20.3925,-1.6436
596,2.87139,-20.9987,-1.67053
597,2.79641,-21.6565,-1.71436
598,2.70422,-22.2555,-1.75709
599,2.62259,-22.633,-1.82387
600,2.63344,-22.651,-1.01878
601,2.67164,-22.6651,-0.00224467
602,2.6989,-22.6578,1.01014
603,2.66271,-22.4243,1.78135
604,2.59581,-21.8093,1.53647
605,2.59839,-21.1646,1.61822
606,2.55269,-20.5202,1.65952
607,2.55918,-19.9328,1.57766
608,2.54374,-19.55,1.62135
609,2.5393,-19.5324,1.95639
610,2.52987,-19.5287,2.88639
611,1.93124,-19.3784,2.88869
612,1.45609,-19.2432,2.89082
613,1.49214,-19.2493,-2.93004
614,1.48975,-19.2456,-1.89487
615,1.49948,-19.7322,-1.59147
616,1.50188,-20.3551,-1.64336
617,1.35396,-20.9609,-1.86442
618,1.17258,-21.5661,-1.85674
619,0.998776,-22.137,-1.86031
620,0.796983,-22.7203,-1.95877
621,0.924071,-22.4054,-2.01253
622,1.04085,-22.1646,-2.08999
623,0.97979,-22.1827,-2.63204
624,0.871487,-22.1674,3.0029
625,0.797017,-22.1049,2.33859
626,0.761027,-22.063,1.71502
627,0.850064,-21.6988,1.29969
628,1.05493,-21.0937,1.19561
629,1.25736,-20.4817,1.26329
630,1.41649,-19.8808,1.34455
631,1.52097,-19.3556,1.3611
632,1.4701,-19.324,2.02737
633,1.38953,-19.3132,-3.12944
634,0.738536,-19.3299,-3.09244
635,0.122056,-19.33,3.0672
636,-0.487296,-19.2985,3.05856
637,-1.07395,-19.232,2.96942
638,-1.46285,-19.1552,2.9392
639,-2.07105,-19.0559,3.01863
640,-2.68488,-18.9511,2.94968
641,-3.28378,-18.8438,2.94026
642,-3.85566,-18.71,2.89361
643,-4.34083,-18.5705,2.8086
644,-4.33021,-18.5632,-2.76576
645,-4.39954,-18.7343,-1.8763
646,-4.51075,-19.3617,-1.58364
647,-4.43801,-20.0043,-1.29733
648,-4.19356,-20.6122,-1.13297
649,-4.00452,-21.1903,-1.47291
650,-4.08516,-21.8264,-1.73224
651,-4.08178,-21.9774,-0.936709
652,-4.05478,-21.9786,0.0838297
653,-4.03481,-21.9623,1.10953
654,-4.05007,-21.6654,1.61978
655,-4.0709,-21.1123,1.61341
656,-4.08061,-20.511,1.5993
657,-4.19572,-19.8986,1.87344
658,-4.39367,-19.2836,1.86567
659,-4.51399,-18.7916,1.79381
660,-4.50359,-18.7829,2.39234
661,-4.68919,-18.764,3.04409
662,-5.28924,-18.7067,3.11298
663,-5.88354,-18.7241,-3.06994
664,-5.88955,-18.74,-2.55202
665,-5.89918,-18.8132,-1.7036
666,-5.96104,-19.4197,-1.66551
667,-6.0083,-19.9839,-1.66003
668,-6.06142,-20.5761,-1.63338
669,-6.09767,-21.1995,-1.65767
670,-6.18452,-21.8154,-1.71629
671,-6.22653,-22.1062,-1.66048
672,-6.13516,-21.5199,-1.74867
673,-6.07187,-21.2472,-1.87822
674,-6.05087,-21.2307,-2.52438
675,-6.01905,-21.2263,-3.13109
676,-6.00681,-21.2336,2.5307
677,-5.99857,-21.2383,1.91678
678,-5.97677,-21.0128,1.47244
679,-5.93093,-20.4302,1.53595
680,-5.9729,-19.9871,1.88231
681,-6.14449,-19.4114,1.84927
682,-6.334,-18.8179,1.89099
683,-6.43775,-18.5328,2.04277
684,-6.42048,-18.5618,3.12157
685,-6.82297,-18.7289,-2.71791
686,-7.26336,-18.8716,-2.86213
687,-7.85151,-19.0312,-2.89714
688,-8.44615,-19.1596,-2.90893
689,-9.00595,-19.3065,-2.88131
690,-9.53826,-19.4831,-2.80721
691,-9.92676,-19.6196,-2.83532
692,-9.92362,-19.6406,-2.30132
693,-9.89979,-19.7159,-1.26169
694,-9.88135,-19.7486,-0.426838
695,-9.8664,-19.7435,0.372796
696,-9.83224,-19.7722,1.39782
697,-9.84676,-19.8024,1.14463
698,-9.51072,-19.5857,0.489596
699,-8.9538,-19.2694,0.603554
700,-8.44487,-18.9028,0.657038
701,-8.01473,-18.5352,0.716183
702,-7.5378,-18.2142,0.601024
703,-7.03007,-17.8734,0.635303
704,-6.53855,-17.4841,0.653525
705,-6.03215,-17.0575,0.724142
706,-5.60307,-16.7378,0.455377
707,-5.57891,-16.7389,-0.0653792
708,-5.57257,-16.7446,-0.705045
709,-5.61507,-16.7004,-1.03699
710,-5.6168,-16.6833,-1.59875
711,-5.60453,-16.6922,-2.19636
712,-5.58261,-16.6823,-2.75752
713,-6.05425,-16.7367,-3.04269
714,-6.60673,-16.7171,3.04325
715,-7.23518,-16.6849,-3.13627
716,-7.86627,-16.6692,3.00894
717,-8.48922,-16.6059,3.09374
718,-9.24978,-16.4947,2.91841
719,-9.86768,-16.3841,2.99291
720,-10.4797,-16.2772,2.93373
721,-11.0987,-16.1659,3.00197
722,-11.1165,-16.1632,3.06869
723,-11.1352,-16.1914,-2.1242
724,-11.1261,-16.2253,-1.05493
725,-11.1006,-16.2396,-0.420437
726,-10.7754,-16.2329,0.0338348
727,-10.1378,-16.1895,0.0646078
728,-9.49813,-16.1604,0.0660287
729,-8.86138,-16.095,0.123716
730,-8.23913,-15.9979,0.16127
731,-7.5913,-15.892,0.173523
732,-7.45518,-15.8568,0.620207
733,-7.4513,-15.8498,1.61697
734,-7.51518,-15.2938,1.69512
735,-7.58137,-14.6912,1.66314
736,-7.57389,-14.6846,2.2628
737,-7.56642,-14.6847,3.06373
738,-8.14431,-14.6503,3.08284
739,-8.74723,-14.5606,3.02528
740,-9.24873,-14.5255,3.0886
741,-9.23581,-14.5276,2.71985
742,-9.24039,-14.5206,2.0672
743,-9.23822,-14.5066,1.45053
744,-9.22218,-14.4839,0.911293
745,-9.20018,-14.4762,0.317956
746,-8.65744,-14.4907,-0.156789
747,-8.00963,-14.5986,-0.191977
748,-7.42998,-14.7354,-0.260234
749,-7.34448,-14.7478,0.169112
750,-7.33506,-14.7279,1.09646
751,-7.37308,-14.455,1.73691
752,-7.43897,-13.8278,1.63365
753,-7.48529,-13.1867,1.69691
754,-7.50081,-12.5411,1.53487
755,-7.4924,-11.9192,1.62176
756,-7.46539,-11.2801,1.44376
757,-7.40282,-10.6528,1.55447
758,-7.43195,-10.0786,1.69373
759,-7.43031,-9.53199,1.56795
760,-7.47452,-8.9079,1.65836
761,-7.48551,-8.85363,1.81506
762,-7.53204,-8.83629,2.74732
763,-8.11012,-8.76516,3.03812
764,-8.53258,-8.71662,3.00931
765,-8.52722,-8.71159,-2.63769
766,-8.5284,-8.71786,-1.64219
767,-8.51589,-8.72717,-0.715829
768,-8.4876,-8.72725,0.0029513
769,-7.8536,-8.61483,0.158221
770,-7.20153,-8.53313,0.0896879
771,-7.12029,-8.52018,0.647167
772,-7.11697,-8.51096,1.51042
773,-7.10795,-7.92976,1.59478
774,-7.13374,-7.38016,1.61561
775,-7.1238,-7.37911,2.45638
776,-7.33267,-7.35698,3.07061
777,-7.94552,-7.32361,3.1283
778,-8.5572,-7.32193,3.10612
779,-9.15284,-7.30768,3.12184
780,-9.34539,-7.29522,2.98868
781,-9.34506,-7.29033,2.40957
782,-9.47547,-7.00983,1.97539
783,-9.70992,-6.42766,1.9726
784,-9.81083,-6.1909,1.94903
785,-9.80269,-6.14354,1.39186
786,-9.77077,-6.10924,0.798083
787,-9.73618,-6.09481,0.302607
788,-9.70327,-6.10152,-0.332278
789,-9.6964,-6.10451,-0.889468
790,-9.40611,-6.50694,-0.959164
791,-9.01923,-7.00346,-0.863259
792,-8.76645,-7.21449,-0.165485
793,-8.18134,-7.29327,-0.114693
794,-7.56951,-7.34802,-0.0371555
795,-7.61482,-7.37449,0.403357
796,-7.63804,-7.36941,1.07756
797,-7.56016,-7.05827,1.34636
798,-7.42459,-6.42767,1.40246
799,-7.3408,-5.77672,1.47423
800,-7.29464,-5.12167,1.55317
801,-7.31586,-4.48518,1.63946
802,-7.38046,-3.85559,1.69748
803,-7.37366,-3.22408,1.53313
804,-7.36385,-2.59217,1.58928
805,-7.40811,-1.95741,1.66577
806,-7.47893,-1.35485,1.70736
807,-7.51372,-1.15605,1.99265
808,-7.52105,-1.15558,2.93484
809,-8.11254,-1.13037,3.07734
810,-8.73282,-1.00904,2.93513
811,-9.33447,-0.898152,2.9303
812,-9.33712,-0.888924,-2.62556
813,-9.3448,-0.894544,-1.65588
814,-9.34721,-0.892711,-0.669376
815,-9.32237,-0.893829,0.244528
816,-9.30791,-0.87873,0.921457
817,-9.29001,-0.869362,0.248585
818,-9.0718,-0.908699,-0.24367
819,-8.48779,-1.05319,-0.231227
820,-7.90243,-1.20262,-0.274265
821,-7.36459,-1.35064,-0.260255
822,-7.37156,-1.34471,0.473846
823,-7.36528,-1.31069,1.36045
824,-7.24966,-0.704688,1.29249
825,-7.06195,-0.109114,1.27289
826,-6.9618,0.517087,1.44833
827,-6.86371,1.13351,1.40954
828,-6.78053,1.76173,1.4544
829,-6.69506,2.36099,1.41602
830,-6.59631,2.96501,1.4089
831,-6.48055,3.53555,1.36332
832,-6.36995,4.09199,1.36081
833,-6.31721,4.34637,1.49978
834,-6.3321,4.35451,2.55878
835,-6.36671,4.35323,-2.94351
836,-6.38741,4.33997,-1.99657
837,-6.39603,4.32968,-0.955925
838,-6.4042,4.32402,-0.0901558
839,-6.42771,4.33112,-0.306913
840,-6.42933,4.33651,-0.867072
841,-6.42478,4.32543,-1.48149
842,-6.45395,4.07889,-1.71074
843,-6.53875,3.51487,-1.71216
844,-6.6206,2.8888,-1.71899
845,-6.72034,2.26298,-1.73244
846,-6.81138,1.63286,-1.72939
847,-6.9256,1.00996,-1.75468
848,-6.94927,0.82694,-1.27322
849,-6.95095,0.827531,-0.349344
850,-6.59998,0.823614,0.00485757
851,-5.9744,0.798568,-0.087118
852,-5.35429,0.737955,-0.0722455
853,-4.76186,0.696907,-0.099695
854,-4.17872,0.630428,-0.0972262
855,-3.58676,0.58143,-0.0985485
856,-2.9308,0.497284,-0.139523
857,-2.2762,0.408871,-0.149342
858,-1.62791,0.288028,-0.20414
859,-1.10747,0.184867,-0.211263
860,-1.08767,0.197976,0.63971
861,-1.0734,0.301999,1.55473
862,-1.03658,0.960264,1.49482
863,-0.980478,1.60325,1.46205
864,-0.895027,2.21126,1.45967
865,-0.854839,2.82055,1.51701
866,-0.811058,3.4042,1.51563
867,-0.803509,3.56204,1.69652
868,-0.800665,3.575,2.72041
869,-0.798708,3.58153,-2.58434
870,-0.78202,3.58139,-1.58474
871,-0.765987,3.57035,-0.610997
872,-0.745412,3.56769,0.0739873
873,-0.719955,3.55657,-0.498896
874,-0.702223,3.5404,-1.05884
875,-0.691742,3.53224,-1.64569
876,-0.811973,2.97505,-1.80357
877,-0.964176,2.43273,-1.88851
878,-1.01577,2.22382,-1.5059
879,-0.915133,1.58393,-1.45516
880,-0.87991,1.1341,-1.56816
881,-0.880192,1.18165,-1.56309
882,-0.936406,0.542811,-1.80995
883,-1.15273,-0.052229,-2.001
884,-1.31176,-0.384384,-2.06827
885,-1.31161,-0.387996,-1.48698
886,-1.28717,-0.402057,-0.468421
887,-1.2677,-0.406323,0.543483
888,-1.26109,-0.396731,1.52805
889,-1.25053,-0.395884,2.42628
890,-1.56318,-0.243663,2.69986
891,-2.09836,0.0225094,2.62924
892,-2.62874,0.341491,2.59339
893,-3.17543,0.640431,2.82931
894,-3.7852,0.755239,3.05001
895,-4.38427,0.711592,-2.93529
896,-4.40279,0.717777,-2.45772
897,-4.7027,0.277671,-2.18614
898,-5.05908,-0.234288,-2.17201
899,-5.34963,-0.644555,-2.24131
900,-5.76892,-1.18857,-2.24516
901,-6.14622,-1.6308,-2.31124
902,-6.5692,-2.1195,-2.28768
903,-6.89049,-2.49487,-2.33422
904,-6.84991,-2.49907,-1.64353
905,-6.84591,-2.97909,-1.58123
906,-6.82091,-3.55098,-1.50891
907,-6.76771,-4.12108,-1.51159
908,-6.72128,-4.76636,-1.48447
909,-6.6592,-5.39909,-1.50038
910,-6.6793,-5.51076,-1.86678
911,-6.83474,-6.0727,-1.80411
912,-6.95336,-6.63562,-1.79042
913,-7.06275,-7.17717,-1.78156
914,-7.18385,-7.76196,-1.80441
915,-7.30115,-8.26444,-1.84044
916,-7.22654,-8.5369,-1.29152
917,-7.08197,-9.17157,-1.54527
918,-7.09782,-9.698,-1.62047
919,-7.12491,-10.3242,-1.66366
920,-7.18377,-10.9449,-1.68129
921,-7.24953,-11.5585,-1.73485
922,-7.34552,-12.1626,-1.76242
923,-7.45719,-12.7234,-1.8264
924,-7.5822,-13.2018,-1.81036
925,-7.58278,-13.2012,-1.30681
926,-7.41864,-13.7654,-1.29132
927,-7.24793,-14.3571,-1.31544
928,-7.08691,-14.9643,-1.32528
929,-6.93309,-15.5688,-1.32718
930,-6.78174,-16.2016,-1.4155
931,-6.69535,-16.8251,-1.50167
932,-6.65241,-17.4446,-1.567
933,-6.65471,-18.0442,-1.6377
934,-6.6773,-18.5122,-1.65316
935,-6.61004,-18.5632,-0.985485
936,-6.61823,-18.5545,-0.0162544
937,-6.07174,-18.5364,0.0535197
938,-5.48635,-18.5535,-0.111862
939,-4.87222,-18.6109,-0.0782984
940,-4.258,-18.6829,-0.163517
941,-3.65313,-18.7947,-0.216708
942,-3.13442,-18.9079,-0.211905
943,-2.52108,-19.0402,-0.123359
944,-1.90624,-19.1188,-0.179959
945,-1.27951,-19.248,-0.235315
946,-1.10334,-19.2925,-0.171234
947,-0.689308,-19.2279,0.156637
948,-0.110781,-19.1367,0.138362
949,0.495278,-19.1002,-0.0162427
950,1.1244,-19.131,-0.254607
951,1.72817,-19.3004,-0.325913
952,2.34004,-19.4739,-0.0740665
953,2.97665,-19.5017,0.00698998
954,3.60258,-19.4916,0.000313693
955,4.17195,-19.5269,-0.160029
956,4.72883,-19.6038,-0.161825
957,5.25416,-19.691,-0.248901
958,5.73608,-19.8048,-0.275087
959,6.18625,-19.9227,-0.341523
960,6.77611,-20.0797,-0.261673
961,7.35951,-20.2486,-0.288931
962,7.97907,-20.3718,-0.223491
963,8.58541,-20.4482,-0.0367869
964,9.20815,-20.4837,-0.100893
965,9.82209,-20.5571,-0.108035
966,10.2684,-20.6131,-0.166999
967,10.2867,-20.6144,0.686482
968,10.3086,-20.6228,1.58326
969,10.3107,-20.6515,1.64272
970,10.3136,-20.6812,1.64098
971,10.2895,-20.3499,1.64111
972,10.2444,-19.7656,1.64671
973,10.3162,-19.1809,1.36168
974,10.4489,-18.5806,1.39345
975,10.5531,-17.975,1.398
976,10.6507,-17.367,1.41085
977,10.7803,-16.739,1.38481
978,10.8939,-16.1251,1.431
979,11.0017,-15.5077,1.41887
980,11.0916,-14.899,1.4658
981,11.1722,-14.2976,1.47258
982,11.221,-13.7606,1.51714
983,11.2631,-13.1646,1.51397
984,11.2831,-12.5738,1.57156
985,11.2866,-11.9814,1.59205
986,11.2639,-11.3651,1.62859
987,11.2425,-10.7462,1.59207
988,11.2373,-10.1317,1.60596
989,11.2143,-9.51797,1.61371
990,11.1991,-8.90749,1.60305
991,11.1757,-8.29463,1.62797
992,11.1623,-7.70758,1.59548
993,11.1403,-7.09346,1.6283
994,11.1155,-6.50849,1.61842
995,11.0761,-5.92446,1.66452
996,11.0096,-5.3242,1.69052
997,10.958,-4.68245,1.62489
998,10.9345,-4.28571,1.64563
999,10.9561,-4.30824,2.36026
1000,10.4937,-3.95185,2.50744
1001,10.0405,-3.54811,2.18451
1002,9.67732,-3.08123,2.27582
1003,9.32422,-2.58218,2.09463
1004,8.98814,-2.0489,2.15118
1005,8.63799,-1.55711,2.21193
1006,8.24615,-1.08049,2.28762
1007,7.83719,-0.65479,2.3776
1008,7.59693,-0.439998,2.53533
1009,7.50001,-0.422622,3.01002
1010,6.93702,-0.36107,3.06463
1011,6.32927,-0.3215,3.02274
1012,5.71696,-0.256242,3.06577
1013,5.07343,-0.258453,-3.10125
1014,4.46909,-0.21265,3.00789
1015,3.84211,-0.1738,3.09335
1016,3.07081,-0.138116,3.10083
1017,2.4852,-0.126738,3.04489
1018,1.92774,-0.0647467,3.05316
1019,1.33381,-0.0415592,3.11387
1020,0.719592,-0.00760426,3.10101
1021,0.0985207,0.0179712,3.06155
1022,0.0455916,0.021835,3.0554
1023,0.0538013,0.0219959,-3.13994
1024,-0.571573,0.0252632,-3.11248
1025,-1.19921,-0.0112372,-3.0938
1026,-1.35908,-0.0181681,-3.08553
1027,-1.35133,-0.00500903,-2.16506
1028,-1.36224,-0.168574,-1.59896
1029,-1.38016,-0.731379,-1.61939
1030,-1.43287,-1.36278,-1.70322
1031,-1.53661,-2.01805,-1.76069
1032,-1.65986,-2.67416,-1.75977
1033,-1.79859,-3.32691,-1.80835
1034,-1.84187,-3.49432,-2.02675
1035,-1.83024,-3.49299,-2.65413
1036,-1.78833,-3.50199,3.05074
1037,-2.10523,-3.37445,2.80761
1038,-2.69225,-3.24815,2.89505
1039,-3.30498,-3.07162,2.86018
1040,-3.27894,-3.07106,-2.80113
1041,-3.22882,-3.08201,-1.79631
1042,-3.21136,-3.10513,-0.820183
1043,-3.18845,-3.13908,0.137871
1044,-3.20111,-3.16637,1.11968
1045,-3.16848,-3.12288,1.01541
1046,-3.16126,-3.12224,0.644837
1047,-3.20991,-3.134,0.107881
1048,-2.91171,-3.20964,-0.191898
1049,-2.32859,-3.31373,-0.167017
1050,-1.73706,-3.39065,-0.0829526
1051,-1.0758,-3.46573,-0.171244
1052,-0.440944,-3.55366,-0.127486
1053,-0.0195098,-3.61721,-0.189306
1054,0.0206355,-3.5592,0.549672
1055,0.0297325,-3.46337,1.58274
1056,0.0613322,-3.44594,2.56035
1057,0.115119,-3.47167,-2.70874
1058,0.131535,-3.51583,-1.76489
1059,-0.00957485,-4.13271,-1.83934
1060,-0.187417,-4.79677,-1.82905
1061,-0.325597,-5.26757,-1.94523
1062,-0.321819,-5.27555,-2.50628
1063,-0.295938,-5.27685,-3.10067
1064,-0.569073,-5.21524,2.91935
1065,-1.14822,-5.12607,3.04297
1066,-1.70329,-5.05556,2.9883
1067,-1.68998,-5.04957,-2.85951
1068,-1.68675,-5.04562,-2.18301
1069,-1.68649,-5.04248,-2.01082
1070,-1.6734,-5.04253,-2.54662
1071,-2.14719,-5.28602,-2.67215
1072,-2.59658,-5.50825,-2.73932
1073,-2.56205,-5.51368,3.03576
1074,-3.08103,-5.43143,3.00281
1075,-3.65071,-5.34706,3.02075
1076,-3.67424,-5.34017,-2.86051
1077,-3.69601,-5.38068,-2.05782
1078,-3.95025,-5.99989,-2.01442
1079,-4.19983,-6.582,-1.95422
1080,-4.17914,-6.59079,-2.44489
1081,-4.60963,-6.87094,-2.57031
1082,-4.79396,-7.00214,-2.29244
1083,-4.76692,-7.05935,-1.26232
1084,-4.68384,-7.08703,-0.297001
1085,-4.68344,-7.06301,0.701375
1086,-4.31712,-6.57493,0.937593
1087,-3.93427,-6.06811,0.929249
1088,-3.57393,-5.55971,0.916093
1089,-3.52447,-5.49738,0.821321
1090,-3.53653,-5.48918,0.207621
1091,-3.00371,-5.45774,0.0315699
1092,-2.38877,-5.44318,0.0170712
1093,-1.82451,-5.44535,-0.0472837
1094,-1.8083,-5.45217,-0.451019
1095,-1.78787,-5.46441,-1.04031
1096,-1.78229,-5.45814,-1.6111
1097,-1.86654,-5.78873,-1.82627
1098,-2.04442,-6.39116,-1.88288
1099,-2.25097,-6.95275,-1.97885
1100,-2.2571,-6.9713,-1.61561
1101,-2.1979,-7.23623,-1.34958
1102,-2.19842,-7.2452,-1.74311
1103,-2.32549,-7.85566,-1.77679
1104,-2.46321,-8.49224,-1.80439
1105,-2.61823,-9.11495,-1.82219
1106,-2.74398,-9.59236,-1.84732
1107,-2.74314,-9.60076,-1.59107
1108,-2.71213,-10.2279,-1.58313
1109,-2.76579,-10.8727,-1.68695
1110,-2.84153,-11.481,-1.73637
1111,-3.01282,-12.011,-1.83753
1112,-3.04773,-12.593,-1.49096
1113,-3.01295,-13.2329,-1.58622
1114,-3.02164,-13.8512,-1.56909
1115,-3.01757,-14.4358,-1.58518
1116,-3.0042,-15.0858,-1.54883
1117,-3.00086,-15.1835,-1.67649
1118,-2.99743,-15.181,-2.28351
1119,-2.98641,-15.1756,-2.715
1120,-3.54763,-15.3821,-2.77853
1121,-3.73517,-15.4498,-2.89701
1122,-3.72852,-15.4518,2.83602
1123,-4.27613,-15.2695,2.85303
1124,-4.83158,-15.1432,2.95188
1125,-5.45496,-15.0206,2.96546
1126,-5.53403,-15.0054,-2.97787
1127,-5.52516,-15.0084,-1.92054
1128,-5.51904,-15.0061,-0.933095
1129,-5.5006,-15.0119,0.0825856
1130,-4.90995,-14.9451,0.0964009
1131,-4.13454,-15.0693,-0.335169
1132,-3.52091,-15.2857,-0.354684
1133,-2.97104,-15.5129,-0.393199
1134,-2.71622,-15.6198,-0.490002
1135,-2.70599,-15.6309,-1.04567
1136,-2.70596,-15.6349,-1.60726
1137,-2.75898,-15.9385,-1.79104
1138,-2.91182,-16.5734,-1.80712
1139,-3.02941,-17.0741,-1.88104
1140,-3.01245,-17.0597,-2.3616
1141,-2.99346,-17.0567,-2.91086
1142,-3.36024,-17.0125,3.00665
1143,-3.96103,-16.9623,3.09526
1144,-4.54521,-16.9253,3.06393
1145,-5.12682,-16.8766,3.03773
1146,-5.70538,-16.8147,3.05675
1147,-6.28845,-16.7999,3.12862
1148,-6.89301,-16.795,3.12171
1149,-6.99083,-16.8325,-2.70061
1150,-6.99377,-16.9098,-1.78632
1151,-6.98674,-16.9235,-0.789992
1152,-6.96117,-16.9199,0.255107
1153,-6.9459,-16.911,1.26031
1154,-7.01105,-16.5934,1.8025
1155,-7.15239,-15.9682,1.75155
1156,-7.2569,-15.3612,1.76015
1157,-7.39011,-14.7904,1.86954
1158,-7.52147,-14.1866,1.7392
1159,-7.58461,-13.5877,1.64499
1160,-7.60989,-12.9498,1.50814
1161,-7.51248,-12.3149,1.41849
1162,-7.42349,-11.6804,1.47674
1163,-7.36372,-11.0359,1.47153
1164,-7.31852,-10.3944,1.55731
1165,-7.31087,-9.85179,1.53423
1166,-7.30136,-9.86027,2.0227
1167,-7.25343,-9.86566,2.95888
1168,-7.22026,-9.83895,-2.42132
1169,-7.22443,-9.89154,-1.59997
1170,-7.23068,-10.4757,-1.59352
1171,-7.22653,-11.1097,-1.56208
1172,-7.22646,-11.7045,-1.62487
1173,-7.25279,-12.3265,-1.6161
1174,-7.29216,-12.951,-1.68524
1175,-7.3747,-13.5617,-1.71907
1176,-7.4692,-14.1816,-1.76268
1177,-7.5863,-14.7894,-1.76058
1178,-7.71449,-15.4011,-1.80773
1179,-7.84967,-16.0048,-1.77834
1180,-7.90264,-16.2573,-1.78529
1181,-7.90116,-16.2576,-0.957101
1182,-7.8432,-16.272,-0.24487
1183,-7.22636,-16.4184,-0.219538
1184,-6.59018,-16.5304,-0.149989
1185,-5.9594,-16.638,-0.18226
1186,-5.32456,-16.7299,-0.116095
1187,-4.66809,-16.8125,-0.15323
1188,-4.03783,-16.8995,-0.135178
1189,-3.37478,-17.0018,-0.113556
1190,-3.04365,-17.0398,-0.105601
1191,-3.02798,-17.0455,0.814435
1192,-3.02097,-16.9634,1.61188
1193,-3.01833,-16.3585,1.47979
1194,-2.98028,-15.7826,1.52179
1195,-2.95506,-15.1582,1.57408
1196,-2.95295,-14.5269,1.40137
1197,-2.85304,-13.9097,1.4126
1198,-2.78289,-13.2866,1.67139
1199,-2.80407,-12.6669,1.45666
1200,-2.75041,-12.0356,1.52565
1201,-2.72883,-11.4148,1.58144
1202,-2.74297,-10.7903,1.60435
1203,-2.77805,-10.1945,1.51438
1204,-2.66677,-9.59912,1.36754
1205,-2.56122,-9.03379,1.39706
1206,-2.47872,-8.4419,1.45822
1207,-2.34424,-7.82819,1.37204
1208,-2.23466,-7.20149,1.43664
1209,-2.15083,-6.57737,1.43461
1210,-2.08909,-5.95677,1.45506
1211,-1.95923,-5.34103,1.38532
1212,-1.84351,-4.73662,1.43872
1213,-1.77739,-4.14149,1.51595
1214,-1.68675,-3.38973,1.29902
1215,-1.52949,-2.80374,1.36275
1216,-1.48559,-2.2839,1.58679
1217,-1.46461,-1.73254,1.57255
1218,-1.4739,-1.14231,1.52188
1219,-1.45625,-0.319981,1.55247
1220,-1.47218,0.266907,1.64321
1221,-1.47157,0.2651,1.19046
1222,-1.46198,0.275201,0.593153
1223,-1.45026,0.278462,0.0335256
1224,-0.873131,0.208703,-0.149382
1225,-0.253818,0.119442,-0.135618
1226,-0.148306,0.104934,-0.152349
1227,-0.148306,0.104934,-0.153011
